surface,surface_type,profile_or_page_url,owner_account,company_controlled,current_name,current_website,current_contact,current_description,target_topic,relationship_owner,last_verified,discrepancy,action,status
Production website,first-party,https://hivevaultarc.com,company_web_admin,yes,Hive Vault Arc,https://hivevaultarc.com,contact@hivevaultarc.com|+212670431249,Technology transformation company,Company source of truth,Website Engineering,2026-09-13,Search cache exposed an older phone number,Deploy canonical fixes and request normal recrawl,in_progress
Machine-readable company endpoint,first-party,https://hivevaultarc.com/ai/company,company_web_admin,yes,Hive Vault Arc,https://hivevaultarc.com,contact@hivevaultarc.com|+212670431249,Structured company and capability facts,Entity truth,Website Engineering,2026-09-13,Production deployment pending,Deploy version 2 and verify fact parity,in_progress
LinkedIn company page,social profile,https://www.linkedin.com/company/hive-vault-arc,company_social_admin,verification_required,Hive Vault Arc,unknown,unknown,Company posts about operating systems and AI,Transformation operations,Brand,2026-09-13,Ownership website and contact not verified in public result,Verify using company admin and reconcile facts,verification_required
GitHub organization,code organization,https://github.com/hive-vault-arc,company_github_organization,yes,Hive Vault Arc,unknown,not_applicable,Company software organization,Engineering evidence,Engineering,2026-09-13,Public organization metadata not verified,Verify profile URL description and public repository ownership,verification_required
Instagram,social profile,https://www.instagram.com/hivevaultarc/,company_social_admin,verification_required,unknown,unknown,unknown,unknown,Brand and selected evidence,Brand,2026-09-13,Public facts and control not verified,Verify with company account only,verification_required
Facebook,social profile,https://www.facebook.com/hivevaultarc,company_social_admin,verification_required,unknown,unknown,unknown,unknown,Company profile and local discovery,Brand,2026-09-13,Public facts and control not verified,Verify with company account only,verification_required
X,social profile,https://x.com/Hivevaultarc,company_social_admin,verification_required,unknown,unknown,unknown,unknown,Company commentary,Brand,2026-09-13,Public facts and control not verified,Verify with company account only,verification_required
TikTok,social profile,https://www.tiktok.com/@hivevaultarc,company_social_admin,verification_required,unknown,unknown,unknown,unknown,Approved educational media,Brand,2026-09-13,Public facts and control not verified,Verify with company account only,verification_required
Google Business Profile,local profile,unknown_until_company_inventory,company_google_business_admin,verification_required,unknown,unknown,unknown,unknown,Tangier local discovery,Operations,2026-09-13,Profile URL ownership and facts unknown,Locate or create only through company Google ownership,blocked_company_access
